,index,C1,G,V,C2
0,1072,∅,∅,a,∅
1,918,∅,∅,ai,∅
2,954,∅,∅,ai,∅
3,916,∅,∅,a,n
4,915,∅,∅,a,n
5,952,∅,∅,a,n
6,1015,∅,∅,a,n
7,1076,∅,∅,ao,∅
8,579,b,∅,a,∅
9,1624,b,∅,a,∅
10,1522,b,∅,a,∅
11,491,b,∅,ai,∅
12,492,b,∅,ai,∅
13,519,b,∅,ai,∅
14,611,b,∅,ai,∅
15,1544,b,∅,ai,∅
16,533,b,∅,a,n
17,578,b,∅,a,n
18,629,b,∅,a,n
19,1582,b,∅,a,n
20,1625,b,∅,a,n
21,609,b,∅,a,ŋ
22,649,b,∅,a,ŋ
23,500,b,∅,ao,∅
24,536,b,∅,ao,∅
25,644,b,∅,ao,∅
26,1546,b,∅,ao,∅
27,1586,b,∅,ao,∅
28,1609,b,∅,ao,∅
29,1627,b,∅,ao,∅
30,1528,b,∅,ao,∅
31,1587,b,∅,ao,∅
32,518,b,∅,ei,∅
33,581,b,∅,ei,∅
34,650,b,∅,ei,∅
35,654,b,∅,ei,∅
36,721,b,∅,ei,∅
37,772,b,∅,ei,∅
38,825,b,∅,ei,∅
39,871,b,∅,ei,∅
40,658,b,∅,ei,∅
41,1523,b,∅,ei,∅
42,1612,b,∅,ei,∅
43,502,b,∅,e,n
44,850,b,∅,e,n
45,787,b,∅,e,ŋ
46,662,b,∅,i,∅
47,760,b,∅,i,∅
48,851,b,∅,i,∅
49,586,b,∅,i,∅
50,614,b,∅,i,∅
51,1548,b,∅,i,∅
52,1629,b,∅,i,∅
53,1642,b,∅,i,∅
54,1695,b,∅,i,∅
55,1715,b,∅,i,∅
56,1526,b,∅,i,∅
57,1626,b,∅,i,∅
58,1636,b,∅,i,∅
59,1640,b,∅,i,∅
60,497,b,y,a,n
61,587,b,y,a,n
62,615,b,y,a,n
63,634,b,y,a,n
64,1545,b,y,a,n
65,1583,b,y,a,n
66,1607,b,y,a,n
67,1529,b,y,ao,∅
68,1611,b,y,ao,∅
69,498,b,y,e,∅
70,790,b,∅,i,n
71,664,b,∅,i,ŋ
72,499,b,∅,i,ŋ
73,520,b,∅,i,ŋ
74,535,b,∅,i,ŋ
75,588,b,∅,i,ŋ
76,582,b,∅,o,∅
77,577,b,∅,o,∅
78,647,b,∅,o,∅
79,653,b,∅,o,∅
80,1543,b,∅,o,∅
81,1605,b,∅,o,∅
82,521,b,∅,u,∅
83,635,b,∅,u,∅
84,636,b,∅,u,∅
85,759,b,∅,u,∅
86,822,b,∅,u,∅
87,660,b,∅,u,∅
88,1527,b,∅,u,∅
89,1641,b,∅,u,∅
90,1325,c,∅,ai,∅
91,1355,c,∅,ai,∅
92,1429,c,∅,ai,∅
93,1111,c,∅,ai,∅
94,1139,c,∅,ai,∅
95,1158,c,∅,ai,∅
96,1323,c,∅,a,n
97,1427,c,∅,a,n
98,1456,c,∅,a,n
99,1244,c,∅,a,n
100,1219,c,∅,a,n
101,1428,c,∅,a,ŋ
102,1473,c,∅,a,ŋ
103,1483,c,∅,a,ŋ
104,1283,c,∅,a,ŋ
105,1533,c,∅,ao,∅
106,1466,c,∅,ao,∅
107,1356,c,∅,e,∅
108,1430,c,∅,e,∅
109,1563,c,∅,e,∅
110,1596,c,∅,e,∅
111,1564,c,∅,e,ŋ
112,1313,c,∅,e,ŋ
113,1424,ch,∅,a,∅
114,1322,ch,∅,a,∅
115,376,ch,∅,a,∅
116,896,ch,∅,a,∅
117,702,ch,∅,a,n
118,858,ch,∅,a,n
119,1324,ch,∅,a,ŋ
120,1354,ch,∅,a,ŋ
121,1490,ch,∅,a,ŋ
122,1110,ch,∅,a,ŋ
123,1157,ch,∅,a,ŋ
124,1247,ch,∅,a,ŋ
125,726,ch,∅,a,ŋ
126,798,ch,∅,a,ŋ
127,832,ch,∅,a,ŋ
128,876,ch,∅,a,ŋ
129,1590,ch,∅,ao,∅
130,1613,ch,∅,ao,∅
131,1493,ch,∅,ao,∅
132,69,ch,∅,e,∅
133,1461,ch,∅,e,∅
134,1317,ch,∅,e,n
135,1482,ch,∅,e,n
136,988,ch,∅,e,n
137,1042,ch,∅,e,n
138,1568,ch,∅,e,ŋ
139,1476,ch,∅,e,ŋ
140,1453,ch,∅,e,ŋ
141,732,ch,∅,e,ŋ
142,752,ch,∅,e,ŋ
143,766,ch,∅,e,ŋ
144,903,ch,∅,e,ŋ
145,944,ch,∅,e,ŋ
146,1328,ch,∅,ɯ,∅
147,1432,ch,∅,ɯ,∅
148,1553,ch,∅,ɯ,∅
149,1618,ch,∅,ɯ,∅
150,1141,ch,∅,ɯ,∅
151,1404,ch,∅,ɯ,∅
152,1419,ch,∅,ɯ,∅
153,1481,ch,∅,ɯ,∅
154,1557,ch,∅,o,ŋ
155,1502,ch,∅,o,ŋ
156,1551,ch,∅,o,ŋ
157,1561,ch,∅,o,ŋ
158,693,ch,∅,o,ŋ
159,1559,ch,∅,ou,∅
160,1593,ch,∅,ou,∅
161,1499,ch,∅,ou,∅
162,1562,ch,∅,ou,∅
163,770,ch,∅,ou,∅
164,1357,ch,∅,u,∅
165,1495,ch,∅,u,∅
166,1630,ch,∅,u,∅
167,1614,ch,∅,u,∅
168,1560,ch,∅,u,∅
169,1501,ch,∅,u,∅
170,1400,ch,∅,u,∅
171,1374,ch,w,a,n
172,1360,ch,w,a,n
173,776,ch,w,a,n
174,1373,ch,w,a,ŋ
175,1457,ch,w,a,ŋ
176,887,ch,w,a,ŋ
177,1538,ch,w,i,∅
178,1500,ch,w,e,n
179,719,ch,w,e,n
180,891,ch,w,e,n
181,1353,c,∅,ɯ,∅
182,1372,c,∅,ɯ,∅
183,1193,c,∅,ɯ,∅
184,1217,c,∅,ɯ,∅
185,1242,c,∅,ɯ,∅
186,828,c,∅,ɯ,∅
187,830,c,∅,ɯ,∅
188,895,c,∅,ɯ,∅
189,1615,c,∅,o,ŋ
190,1392,c,∅,o,ŋ
191,1556,c,∅,u,∅
192,1558,c,w,i,∅
193,1496,c,w,e,n
194,1534,c,w,e,n
195,1303,c,w,e,n
196,1425,c,w,o,∅
197,305,d,∅,a,∅
198,307,d,∅,a,∅
199,303,d,∅,a,∅
200,1540,d,∅,a,∅
201,338,d,∅,ai,∅
202,357,d,∅,ai,∅
203,381,d,∅,ai,∅
204,439,d,∅,ai,∅
205,1576,d,∅,ai,∅
206,1602,d,∅,ai,∅
207,378,d,∅,a,n
208,437,d,∅,a,n
209,302,d,∅,a,n
210,336,d,∅,a,n
211,356,d,∅,a,n
212,377,d,∅,a,n
213,1621,d,∅,a,n
214,337,d,∅,a,ŋ
215,438,d,∅,a,ŋ
216,309,d,∅,ao,∅
217,339,d,∅,ao,∅
218,367,d,∅,ao,∅
219,371,d,∅,ao,∅
220,382,d,∅,ao,∅
221,441,d,∅,ao,∅
222,455,d,∅,ao,∅
223,461,d,∅,ao,∅
224,308,d,∅,e,∅
225,314,d,∅,e,∅
226,1115,d,∅,e,∅
227,315,d,∅,e,ŋ
228,344,d,∅,e,ŋ
229,361,d,∅,e,ŋ
230,1298,d,∅,i,∅
231,1337,d,∅,i,∅
232,1378,d,∅,i,∅
233,1442,d,∅,i,∅
234,1159,d,∅,i,∅
235,1226,d,∅,i,∅
236,1249,d,∅,i,∅
237,1175,d,∅,i,∅
238,1227,d,∅,i,∅
239,1250,d,∅,i,∅
240,1315,d,∅,i,∅
241,1293,d,y,a,n
242,1440,d,y,a,n
243,1161,d,y,a,n
244,1291,d,y,a,n
245,1391,d,y,ao,∅
246,1410,d,y,ao,∅
247,1407,d,y,e,∅
248,1295,d,∅,i,ŋ
249,1296,d,∅,i,ŋ
250,1335,d,∅,i,ŋ
251,1441,d,∅,i,ŋ
252,342,d,∅,o,ŋ
253,368,d,∅,o,ŋ
254,372,d,∅,o,ŋ
255,374,d,∅,o,ŋ
256,443,d,∅,o,ŋ
257,313,d,∅,ou,∅
258,343,d,∅,ou,∅
259,1604,d,∅,ou,∅
260,310,d,∅,u,∅
261,358,d,∅,u,∅
262,465,d,∅,u,∅
263,311,d,∅,u,∅
264,341,d,∅,u,∅
265,384,d,∅,u,∅
266,419,d,∅,u,∅
267,442,d,∅,u,∅
268,365,d,w,a,n
269,370,d,w,a,n
270,412,d,w,a,n
271,459,d,w,a,n
272,366,d,w,i,∅
273,453,d,w,i,∅
274,420,d,w,e,n
275,388,d,w,e,n
276,866,d,w,e,n
277,301,d,w,o,∅
278,1599,d,w,o,∅
279,1572,d,w,o,∅
280,1077,∅,∅,e,∅
281,1020,∅,∅,e,∅
282,1047,∅,∅,e,∅
283,914,∅,∅,e,∅
284,1093,∅,∅,e,n
285,913,∅,∅,er,∅
286,1100,∅,∅,er,∅
287,1131,∅,∅,er,∅
288,1182,∅,∅,er,∅
289,1191,∅,∅,er,∅
290,489,f,∅,a,∅
291,608,f,∅,a,∅
292,496,f,∅,a,∅
293,494,f,∅,a,∅
294,584,f,∅,a,∅
295,488,f,∅,a,n
296,516,f,∅,a,n
297,641,f,∅,a,n
298,495,f,∅,a,n
299,585,f,∅,a,n
300,613,f,∅,a,n
301,633,f,∅,a,n
302,493,f,∅,a,n
303,583,f,∅,a,n
304,612,f,∅,a,n
305,632,f,∅,a,n
306,1606,f,∅,a,n
307,490,f,∅,a,ŋ
308,517,f,∅,a,ŋ
309,534,f,∅,a,ŋ
310,545,f,∅,a,ŋ
311,549,f,∅,a,ŋ
312,580,f,∅,a,ŋ
313,630,f,∅,a,ŋ
314,642,f,∅,a,ŋ
315,698,f,∅,ei,∅
316,742,f,∅,ei,∅
317,826,f,∅,ei,∅
318,884,f,∅,ei,∅
319,894,f,∅,ei,∅
320,1585,f,∅,ei,∅
321,1608,f,∅,ei,∅
322,659,f,∅,e,n
323,785,f,∅,e,n
324,823,f,∅,e,n
325,870,f,∅,e,n
326,883,f,∅,e,n
327,893,f,∅,e,n
328,655,f,∅,e,ŋ
329,694,f,∅,e,ŋ
330,782,f,∅,e,ŋ
331,820,f,∅,e,ŋ
332,847,f,∅,e,ŋ
333,867,f,∅,e,ŋ
334,1531,f,∅,e,ŋ
335,1547,f,∅,e,ŋ
336,697,f,∅,o,∅
337,657,f,∅,ou,∅
338,501,f,∅,u,∅
339,522,f,∅,u,∅
340,537,f,∅,u,∅
341,546,f,∅,u,∅
342,590,f,∅,u,∅
343,618,f,∅,u,∅
344,656,f,∅,u,∅
345,695,f,∅,u,∅
346,696,f,∅,u,∅
347,720,f,∅,u,∅
348,741,f,∅,u,∅
349,771,f,∅,u,∅
350,783,f,∅,u,∅
351,784,f,∅,u,∅
352,821,f,∅,u,∅
353,848,f,∅,u,∅
354,849,f,∅,u,∅
355,868,f,∅,u,∅
356,869,f,∅,u,∅
357,881,f,∅,u,∅
358,882,f,∅,u,∅
359,892,f,∅,u,∅
360,786,f,∅,u,∅
361,824,f,∅,u,∅
362,1610,f,∅,u,∅
363,8,g,∅,ai,∅
364,136,g,∅,ai,∅
365,152,g,∅,ai,∅
366,1755,g,∅,ai,∅
367,5,g,∅,a,n
368,51,g,∅,a,n
369,66,g,∅,a,n
370,3,g,∅,a,n
371,115,g,∅,a,n
372,134,g,∅,a,n
373,35,g,∅,a,n
374,117,g,∅,a,ŋ
375,135,g,∅,a,ŋ
376,151,g,∅,a,ŋ
377,1754,g,∅,a,ŋ
378,19,g,∅,ao,∅
379,85,g,∅,ao,∅
380,168,g,∅,ao,∅
381,76,g,∅,e,∅
382,53,g,∅,e,∅
383,2,g,∅,e,∅
384,87,g,∅,e,∅
385,109,g,∅,e,∅
386,97,g,∅,e,∅
387,1719,g,∅,e,∅
388,1727,g,∅,e,∅
389,204,g,∅,ei,∅
390,214,g,∅,e,n
391,10,g,∅,e,ŋ
392,78,g,∅,e,ŋ
393,83,g,∅,e,ŋ
394,23,g,∅,o,ŋ
395,44,g,∅,o,ŋ
396,74,g,∅,o,ŋ
397,81,g,∅,o,ŋ
398,130,g,∅,o,ŋ
399,146,g,∅,o,ŋ
400,156,g,∅,o,ŋ
401,169,g,∅,o,ŋ
402,176,g,∅,o,ŋ
403,236,g,∅,o,ŋ
404,263,g,∅,ou,∅
405,297,g,∅,ou,∅
406,298,g,∅,ou,∅
407,18,g,∅,u,∅
408,41,g,∅,u,∅
409,60,g,∅,u,∅
410,106,g,∅,u,∅
411,129,g,∅,u,∅
412,155,g,∅,u,∅
413,162,g,∅,u,∅
414,20,g,∅,u,∅
415,61,g,∅,u,∅
416,22,g,∅,u,∅
417,131,g,w,a,∅
418,157,g,w,a,∅
419,227,g,w,a,∅
420,277,g,w,ai,∅
421,25,g,w,a,n
422,46,g,w,a,n
423,64,g,w,a,n
424,111,g,w,a,n
425,132,g,w,a,n
426,148,g,w,a,n
427,158,g,w,a,n
428,164,g,w,a,n
429,26,g,w,a,ŋ
430,47,g,w,a,ŋ
431,294,g,w,i,∅
432,178,g,w,i,∅
433,201,g,w,i,∅
434,239,g,w,i,∅
435,17,g,w,i,∅
436,104,g,w,i,∅
437,267,g,w,i,∅
438,281,g,w,i,∅
439,174,g,w,o,∅
440,24,g,w,o,∅
441,75,g,w,o,∅
442,110,g,w,o,∅
443,1648,h,∅,ai,∅
444,1678,h,∅,ai,∅
445,1698,h,∅,ai,∅
446,1753,h,∅,a,n
447,1677,h,∅,a,n
448,1709,h,∅,a,n
449,1712,h,∅,a,n
450,1718,h,∅,a,n
451,1752,h,∅,a,n
452,1789,h,∅,a,ŋ
453,1706,h,∅,ao,∅
454,1713,h,∅,ao,∅
455,1777,h,∅,ao,∅
456,1786,h,∅,ao,∅
457,1791,h,∅,ao,∅
458,1696,h,∅,e,∅
459,1703,h,∅,e,∅
460,1708,h,∅,e,∅
461,1716,h,∅,e,∅
462,1646,h,∅,e,∅
463,1723,h,∅,e,∅
464,1717,h,∅,e,∅
465,1711,h,∅,e,∅
466,1738,h,∅,e,∅
467,1672,h,∅,ei,∅
468,1697,h,∅,e,n
469,1647,h,∅,e,ŋ
470,1744,h,∅,e,ŋ
471,1731,h,∅,e,ŋ
472,1661,h,∅,o,ŋ
473,1737,h,∅,o,ŋ
474,1764,h,∅,o,ŋ
475,1778,h,∅,o,ŋ
476,1668,h,∅,ou,∅
477,1692,h,∅,ou,∅
478,1746,h,∅,ou,∅
479,1771,h,∅,ou,∅
480,1782,h,∅,ou,∅
481,1657,h,∅,u,∅
482,1658,h,∅,u,∅
483,1684,h,∅,u,∅
484,1701,h,∅,u,∅
485,1710,h,∅,u,∅
486,1733,h,∅,u,∅
487,1762,h,∅,u,∅
488,1793,h,∅,u,∅
489,1736,h,∅,u,∅
490,1770,h,w,a,∅
491,1686,h,w,a,∅
492,1687,h,w,a,∅
493,1702,h,w,a,∅
494,1714,h,w,a,∅
495,287,h,w,ai,∅
496,1781,h,w,ai,∅
497,1663,h,w,a,n
498,1688,h,w,a,n
499,1767,h,w,a,n
500,1780,h,w,a,n
501,1787,h,w,a,n
502,1036,h,w,a,n
503,1665,h,w,a,ŋ
504,1689,h,w,a,ŋ
505,1768,h,w,a,ŋ
506,1666,h,w,i,∅
507,1690,h,w,i,∅
508,1742,h,w,i,∅
509,1769,h,w,i,∅
510,1747,h,w,i,∅
511,1748,h,w,i,∅
512,1772,h,w,i,∅
513,1656,h,w,i,∅
514,1732,h,w,i,∅
515,1660,h,w,e,n
516,1685,h,w,e,n
517,1735,h,w,e,n
518,1763,h,w,e,n
519,1743,h,w,o,∅
520,1659,h,w,o,∅
521,1734,h,w,o,∅
522,1662,h,w,o,∅
523,1707,h,w,o,∅
524,1765,h,w,o,∅
525,1766,h,w,o,∅
526,1664,h,w,o,∅
527,183,j,∅,i,∅
528,216,j,∅,i,∅
529,245,j,∅,i,∅
530,180,j,∅,i,∅
531,184,j,∅,i,∅
532,205,j,∅,i,∅
533,206,j,∅,i,∅
534,218,j,∅,i,∅
535,222,j,∅,i,∅
536,226,j,∅,i,∅
537,247,j,∅,i,∅
538,248,j,∅,i,∅
539,249,j,∅,i,∅
540,271,j,∅,i,∅
541,286,j,∅,i,∅
542,300,j,∅,i,∅
543,186,j,∅,i,∅
544,40,j,∅,i,∅
545,72,j,∅,i,∅
546,84,j,∅,i,∅
547,161,j,∅,i,∅
548,122,j,∅,i,∅
549,139,j,∅,i,∅
550,1363,j,∅,i,∅
551,1477,j,∅,i,∅
552,1492,j,∅,i,∅
553,1228,j,∅,i,∅
554,1251,j,∅,i,∅
555,1267,j,∅,i,∅
556,1276,j,∅,i,∅
557,1277,j,∅,i,∅
558,1284,j,∅,i,∅
559,1312,j,∅,i,∅
560,1319,j,∅,i,∅
561,1452,j,∅,i,∅
562,0,j,y,a,∅
563,1,j,y,a,∅
564,27,j,y,a,∅
565,28,j,y,a,∅
566,82,j,y,a,∅
567,86,j,y,a,∅
568,6,j,y,a,∅
569,1435,j,y,a,n
570,1433,j,y,a,n
571,1460,j,y,a,n
572,1484,j,y,a,n
573,31,j,y,a,n
574,89,j,y,a,n
575,116,j,y,a,n
576,30,j,y,a,n
577,150,j,y,a,n
578,159,j,y,a,n
579,95,j,y,a,n
580,121,j,y,a,n
581,138,j,y,a,n
582,12,j,y,a,n
583,93,j,y,a,n
584,120,j,y,a,n
585,100,j,y,a,n
586,36,j,y,a,n
587,55,j,y,a,n
588,98,j,y,a,n
589,1463,j,y,a,n
590,7,j,y,a,ŋ
591,32,j,y,a,ŋ
592,52,j,y,a,ŋ
593,1173,j,y,a,ŋ
594,1288,j,y,a,ŋ
595,29,j,y,ao,∅
596,49,j,y,ao,∅
597,171,j,y,ao,∅
598,219,j,y,ao,∅
599,229,j,y,ao,∅
600,261,j,y,ao,∅
601,288,j,y,ao,∅
602,240,j,y,ao,∅
603,1385,j,y,e,∅
604,48,j,y,e,∅
605,33,j,y,e,∅
606,91,j,y,e,∅
607,94,j,y,e,∅
608,59,j,y,e,∅
609,143,j,y,e,∅
610,144,j,y,e,∅
611,37,j,y,e,∅
612,56,j,y,e,∅
613,1705,j,y,e,∅
614,1294,j,y,e,∅
615,1292,j,y,e,∅
616,1598,j,∅,i,n
617,182,j,∅,i,n
618,203,j,∅,i,n
619,215,j,∅,i,n
620,244,j,∅,i,n
621,181,j,∅,i,n
622,243,j,∅,i,n
623,269,j,∅,i,n
624,282,j,∅,i,n
625,250,j,∅,i,n
626,1371,j,∅,i,n
627,1384,j,∅,i,n
628,15,j,∅,i,ŋ
629,16,j,∅,i,ŋ
630,38,j,∅,i,ŋ
631,39,j,∅,i,ŋ
632,70,j,∅,i,ŋ
633,71,j,∅,i,ŋ
634,101,j,∅,i,ŋ
635,102,j,∅,i,ŋ
636,125,j,∅,i,ŋ
637,126,j,∅,i,ŋ
638,141,j,∅,i,ŋ
639,1362,j,∅,i,ŋ
640,1376,j,∅,i,ŋ
641,1389,j,∅,i,ŋ
642,1399,j,∅,i,ŋ
643,1552,j,y,u,∅
644,172,j,y,u,∅
645,198,j,y,u,∅
646,220,j,y,u,∅
647,223,j,y,u,∅
648,225,j,y,u,∅
649,1309,j,y,u,∅
650,34,j,∅,u,∅
651,54,j,∅,u,∅
652,77,j,∅,u,∅
653,92,j,∅,u,∅
654,119,j,∅,u,∅
655,137,j,∅,u,∅
656,268,j,∅,u,∅
657,173,j,∅,u,∅
658,230,j,∅,u,∅
659,231,j,∅,u,∅
660,262,j,∅,u,∅
661,290,j,∅,u,∅
662,233,j,∅,u,∅
663,264,j,∅,u,∅
664,177,j,v,a,n
665,123,j,v,a,n
666,133,j,v,e,∅
667,238,j,v,e,∅
668,14,j,v,e,∅
669,1243,j,v,e,∅
670,1334,j,v,e,∅
671,175,j,∅,u,n
672,199,j,∅,u,n
673,212,j,∅,u,n
674,179,j,∅,u,n
675,241,j,∅,u,n
676,1447,j,∅,u,n
677,68,k,∅,ai,∅
678,118,k,∅,ai,∅
679,50,k,∅,a,n
680,88,k,∅,a,n
681,90,k,∅,a,ŋ
682,1784,k,∅,a,ŋ
683,80,k,∅,ao,∅
684,65,k,∅,e,∅
685,9,k,∅,e,∅
686,149,k,∅,e,∅
687,4,k,∅,e,∅
688,242,k,∅,e,∅
689,45,k,∅,e,∅
690,63,k,∅,e,∅
691,165,k,∅,e,n
692,246,k,∅,e,n
693,62,k,∅,o,ŋ
694,108,k,∅,o,ŋ
695,163,k,∅,o,ŋ
696,197,k,∅,ou,∅
697,73,k,∅,u,∅
698,105,k,∅,u,∅
699,145,k,∅,u,∅
700,107,k,∅,u,∅
701,147,k,w,a,∅
702,228,k,w,ai,∅
703,1509,k,w,ai,∅
704,170,k,w,a,n
705,112,k,w,a,ŋ
706,1741,k,w,a,ŋ
707,260,k,w,i,∅
708,21,k,w,e,n
709,43,k,w,e,n
710,1779,k,w,o,∅
711,319,l,∅,ai,∅
712,433,l,∅,ai,∅
713,392,l,∅,a,n
714,424,l,∅,a,n
715,445,l,∅,a,n
716,423,l,∅,a,n
717,444,l,∅,a,n
718,456,l,∅,a,n
719,318,l,∅,a,ŋ
720,346,l,∅,a,ŋ
721,393,l,∅,a,ŋ
722,425,l,∅,a,ŋ
723,363,l,∅,ao,∅
724,369,l,∅,ao,∅
725,345,l,∅,e,∅
726,406,l,∅,e,∅
727,405,l,∅,ei,∅
728,451,l,∅,ei,∅
729,458,l,∅,ei,∅
730,409,l,∅,ei,∅
731,320,l,∅,e,ŋ
732,466,l,∅,i,∅
733,503,l,∅,i,∅
734,523,l,∅,i,∅
735,553,l,∅,i,∅
736,591,l,∅,i,∅
737,619,l,∅,i,∅
738,637,l,∅,i,∅
739,645,l,∅,i,∅
740,468,l,∅,i,∅
741,327,l,∅,i,∅
742,352,l,∅,i,∅
743,396,l,∅,i,∅
744,447,l,∅,i,∅
745,323,l,∅,i,∅
746,348,l,∅,i,∅
747,397,l,∅,i,∅
748,411,l,∅,i,∅
749,400,l,y,a,n
750,324,l,y,a,n
751,349,l,y,a,n
752,398,l,y,a,n
753,429,l,y,a,n
754,448,l,y,a,n
755,457,l,y,a,n
756,462,l,y,a,n
757,321,l,y,a,ŋ
758,347,l,y,a,ŋ
759,362,l,y,a,ŋ
760,395,l,y,a,ŋ
761,427,l,y,a,ŋ
762,446,l,y,a,ŋ
763,331,l,y,ao,∅
764,325,l,y,e,∅
765,350,l,y,e,∅
766,399,l,y,e,∅
767,430,l,y,e,∅
768,467,l,∅,i,n
769,555,l,∅,i,n
770,1241,l,∅,i,n
771,554,l,∅,i,n
772,552,l,∅,i,ŋ
773,326,l,∅,i,ŋ
774,351,l,∅,i,ŋ
775,401,l,∅,i,ŋ
776,431,l,∅,i,ŋ
777,449,l,∅,i,ŋ
778,332,l,y,u,∅
779,354,l,y,u,∅
780,364,l,y,u,∅
781,333,l,y,u,∅
782,407,l,∅,o,ŋ
783,551,l,∅,o,ŋ
784,434,l,∅,ou,∅
785,463,l,∅,ou,∅
786,328,l,∅,u,∅
787,353,l,∅,u,∅
788,402,l,∅,u,∅
789,403,l,∅,u,∅
790,432,l,∅,u,∅
791,450,l,∅,u,∅
792,355,l,∅,u,∅
793,317,l,w,a,n
794,391,l,w,a,n
795,330,l,w,e,n
796,334,l,w,e,n
797,410,l,w,e,n
798,389,l,w,o,∅
799,316,l,w,o,∅
800,390,l,w,o,∅
801,422,l,w,o,∅
802,651,l,∅,ü,∅
803,329,l,∅,ü,∅
804,408,l,∅,ü,∅
805,435,l,∅,ü,∅
806,322,l,∅,ü,∅
807,428,l,∅,ü,∅
808,335,l,∅,ü,∅
809,394,l,v,e,∅
810,426,l,v,e,∅
811,469,m,∅,a,∅
812,556,m,∅,a,∅
813,506,m,∅,ai,∅
814,526,m,∅,ai,∅
815,596,m,∅,ai,∅
816,475,m,∅,ai,∅
817,561,m,∅,ai,∅
818,524,m,∅,a,n
819,558,m,∅,a,n
820,594,m,∅,a,n
821,620,m,∅,a,n
822,638,m,∅,a,ŋ
823,505,m,∅,a,ŋ
824,559,m,∅,a,ŋ
825,509,m,∅,ao,∅
826,639,m,∅,ao,∅
827,646,m,∅,ao,∅
828,512,m,∅,ao,∅
829,572,m,∅,ao,∅
830,480,m,∅,ao,∅
831,474,m,∅,ei,∅
832,539,m,∅,ei,∅
833,560,m,∅,ei,∅
834,622,m,∅,ei,∅
835,544,m,∅,ei,∅
836,627,m,∅,ei,∅
837,569,m,∅,ei,∅
838,483,m,∅,e,n
839,562,m,∅,e,ŋ
840,597,m,∅,e,ŋ
841,623,m,∅,e,ŋ
842,570,m,∅,e,ŋ
843,601,m,∅,e,ŋ
844,789,m,∅,i,∅
845,485,m,∅,i,∅
846,574,m,∅,i,∅
847,487,m,∅,i,∅
848,576,m,∅,i,∅
849,476,m,y,a,n
850,507,m,y,a,n
851,527,m,y,a,n
852,540,m,y,a,n
853,563,m,y,a,n
854,511,m,y,ao,∅
855,571,m,y,ao,∅
856,602,m,y,ao,∅
857,564,m,y,e,∅
858,486,m,∅,i,n
859,575,m,∅,i,n
860,605,m,∅,i,n
861,477,m,∅,i,ŋ
862,508,m,∅,i,ŋ
863,528,m,∅,i,ŋ
864,541,m,∅,i,ŋ
865,565,m,∅,i,ŋ
866,598,m,∅,i,ŋ
867,592,m,∅,o,∅
868,470,m,∅,o,∅
869,593,m,∅,o,∅
870,472,m,∅,o,∅
871,599,m,∅,o,∅
872,624,m,∅,o,∅
873,482,m,∅,o,∅
874,573,m,∅,o,∅
875,566,m,∅,ou,∅
876,557,m,∅,u,∅
877,478,m,∅,u,∅
878,529,m,∅,u,∅
879,567,m,∅,u,∅
880,652,m,∅,u,∅
881,479,m,∅,u,∅
882,510,m,∅,u,∅
883,568,m,∅,u,∅
884,600,m,∅,u,∅
885,625,m,∅,u,∅
886,626,m,∅,u,∅
887,251,n,∅,a,∅
888,253,n,∅,a,∅
889,209,n,∅,ai,∅
890,255,n,∅,ai,∅
891,274,n,∅,ai,∅
892,188,n,∅,a,n
893,208,n,∅,a,n
894,207,n,∅,a,n
895,259,n,∅,ao,∅
896,276,n,∅,ao,∅
897,189,n,∅,ei,∅
898,195,n,∅,e,ŋ
899,375,n,∅,i,∅
900,982,n,∅,i,∅
901,192,n,y,a,n
902,191,n,y,a,n
903,254,n,y,a,ŋ
904,1379,n,y,ao,∅
905,256,n,∅,i,ŋ
906,1162,n,y,u,∅
907,194,n,∅,o,ŋ
908,258,n,∅,o,ŋ
909,404,n,∅,o,ŋ
910,193,n,∅,u,∅
911,257,n,∅,u,∅
912,275,n,∅,u,∅
913,187,n,w,a,n
914,252,n,w,o,∅
915,190,n,∅,ü,∅
916,293,∅,∅,ou,∅
917,1269,∅,∅,ou,∅
918,643,p,∅,ai,∅
919,606,p,∅,ai,∅
920,1581,p,∅,ai,∅
921,607,p,∅,a,n
922,648,p,∅,a,n
923,1521,p,∅,a,n
924,610,p,∅,ei,∅
925,631,p,∅,ei,∅
926,661,p,∅,e,ŋ
927,788,p,∅,i,∅
928,1532,p,∅,i,∅
929,1589,p,∅,i,∅
930,1675,p,∅,i,∅
931,1524,p,y,a,n
932,1554,p,y,a,n
933,1588,p,y,ao,∅
934,1628,p,y,ao,∅
935,663,p,∅,i,n
936,827,p,∅,i,n
937,791,p,∅,i,n
938,1530,p,∅,i,n
939,616,p,∅,i,ŋ
940,1525,p,∅,i,ŋ
941,1584,p,∅,i,ŋ
942,628,p,∅,o,∅
943,640,p,∅,o,∅
944,1520,p,∅,o,∅
945,1635,p,∅,o,∅
946,589,p,∅,u,∅
947,617,p,∅,u,∅
948,1637,p,∅,u,∅
949,1327,q,∅,i,∅
950,1431,q,∅,i,∅
951,1474,q,∅,i,∅
952,1507,q,∅,i,∅
953,1566,q,∅,i,∅
954,1129,q,∅,i,∅
955,96,q,∅,i,∅
956,185,q,∅,i,∅
957,217,q,∅,i,∅
958,221,q,∅,i,∅
959,224,q,∅,i,∅
960,272,q,∅,i,∅
961,273,q,∅,i,∅
962,284,q,∅,i,∅
963,285,q,∅,i,∅
964,291,q,∅,i,∅
965,292,q,∅,i,∅
966,295,q,∅,i,∅
967,296,q,∅,i,∅
968,299,q,∅,i,∅
969,128,q,∅,i,∅
970,167,q,∅,i,∅
971,1486,q,∅,i,∅
972,1329,q,y,a,n
973,1396,q,y,a,n
974,1475,q,y,a,n
975,124,q,y,a,n
976,140,q,y,a,n
977,1220,q,y,a,n
978,1176,q,y,a,n
979,1333,q,y,a,n
980,1074,q,y,a,n
981,67,q,y,a,ŋ
982,1223,q,y,a,ŋ
983,210,q,y,ao,∅
984,278,q,y,ao,∅
985,1320,q,y,e,∅
986,1436,q,y,e,∅
987,1405,q,y,e,∅
988,1567,q,∅,i,n
989,1619,q,∅,i,n
990,1506,q,∅,i,n
991,270,q,∅,i,n
992,283,q,∅,i,n
993,202,q,∅,i,n
994,1331,q,∅,i,ŋ
995,1359,q,∅,i,ŋ
996,1375,q,∅,i,ŋ
997,1387,q,∅,i,ŋ
998,57,q,∅,i,ŋ
999,58,q,∅,i,ŋ
1000,142,q,∅,i,ŋ
1001,153,q,∅,i,ŋ
1002,160,q,∅,i,ŋ
1003,1377,q,∅,i,ŋ
1004,265,q,y,o,ŋ
1005,1498,q,y,u,∅
1006,211,q,y,u,∅
1007,232,q,y,u,∅
1008,280,q,y,u,∅
1009,814,q,y,u,∅
1010,1503,q,∅,u,∅
1011,1617,q,∅,u,∅
1012,11,q,∅,u,∅
1013,42,q,∅,u,∅
1014,279,q,∅,u,∅
1015,289,q,∅,u,∅
1016,235,q,∅,u,∅
1017,1386,q,v,a,n
1018,200,q,v,a,n
1019,213,q,v,a,n
1020,237,q,v,a,n
1021,266,q,v,a,n
1022,13,q,v,a,n
1023,1142,q,v,a,n
1024,114,q,v,e,∅
1025,99,q,v,e,∅
1026,1739,q,v,e,∅
1027,234,q,∅,u,n
1028,1030,r,∅,a,n
1029,929,r,∅,a,n
1030,1051,r,∅,a,n
1031,1004,r,∅,a,ŋ
1032,1022,r,∅,a,ŋ
1033,930,r,∅,e,∅
1034,1106,r,∅,e,n
1035,1215,r,∅,e,n
1036,1103,r,∅,e,n
1037,1154,r,∅,e,n
1038,1183,r,∅,e,n
1039,1192,r,∅,e,n
1040,1213,r,∅,e,n
1041,1135,r,∅,i,∅
1042,995,r,∅,o,ŋ
1043,1143,r,∅,o,ŋ
1044,1125,r,∅,ou,∅
1045,1092,r,∅,ou,∅
1046,1107,r,∅,u,∅
1047,981,r,∅,u,∅
1048,993,r,∅,u,∅
1049,1231,r,∅,u,∅
1050,1272,r,∅,u,∅
1051,1280,r,∅,u,∅
1052,1029,r,w,a,n
1053,1065,r,w,i,∅
1054,1207,r,w,e,n
1055,1238,r,w,e,n
1056,920,r,w,o,∅
1057,956,r,w,o,∅
1058,800,s,∅,ai,∅
1059,670,s,∅,a,n
1060,725,s,∅,a,n
1061,748,s,∅,a,ŋ
1062,833,s,∅,a,ŋ
1063,808,s,∅,ao,∅
1064,878,s,∅,ao,∅
1065,673,s,∅,e,∅
1066,797,s,∅,e,n
1067,1057,s,∅,e,ŋ
1068,873,sh,∅,a,∅
1069,669,sh,∅,a,∅
1070,668,sh,∅,a,n
1071,765,sh,∅,a,n
1072,671,sh,∅,a,ŋ
1073,703,sh,∅,a,ŋ
1074,727,sh,∅,a,ŋ
1075,747,sh,∅,a,ŋ
1076,763,sh,∅,a,ŋ
1077,712,sh,∅,ao,∅
1078,889,sh,∅,ao,∅
1079,700,sh,∅,e,∅
1080,723,sh,∅,e,∅
1081,852,sh,∅,e,∅
1082,853,sh,∅,e,∅
1083,872,sh,∅,e,∅
1084,806,sh,∅,e,∅
1085,731,sh,∅,e,∅
1086,805,sh,∅,e,∅
1087,1633,sh,∅,e,n
1088,950,sh,∅,e,n
1089,975,sh,∅,e,n
1090,1043,sh,∅,e,n
1091,907,sh,∅,e,n
1092,948,sh,∅,e,n
1093,973,sh,∅,e,n
1094,1010,sh,∅,e,n
1095,1058,sh,∅,e,n
1096,674,sh,∅,e,ŋ
1097,681,sh,∅,e,ŋ
1098,733,sh,∅,e,ŋ
1099,753,sh,∅,e,ŋ
1100,777,sh,∅,e,ŋ
1101,969,sh,∅,e,ŋ
1102,1007,sh,∅,e,ŋ
1103,1039,sh,∅,e,ŋ
1104,1160,sh,∅,ɯ,∅
1105,666,sh,∅,ɯ,∅
1106,722,sh,∅,ɯ,∅
1107,743,sh,∅,ɯ,∅
1108,745,sh,∅,ɯ,∅
1109,762,sh,∅,ɯ,∅
1110,773,sh,∅,ɯ,∅
1111,682,sh,∅,ɯ,∅
1112,767,sh,∅,ɯ,∅
1113,676,sh,∅,ɯ,∅
1114,835,sh,∅,ɯ,∅
1115,943,sh,∅,ɯ,∅
1116,1006,sh,∅,ɯ,∅
1117,904,sh,∅,ɯ,∅
1118,905,sh,∅,ɯ,∅
1119,945,sh,∅,ɯ,∅
1120,946,sh,∅,ɯ,∅
1121,970,sh,∅,ɯ,∅
1122,971,sh,∅,ɯ,∅
1123,986,sh,∅,ɯ,∅
1124,997,sh,∅,ɯ,∅
1125,1002,sh,∅,ɯ,∅
1126,1040,sh,∅,ɯ,∅
1127,912,sh,∅,ɯ,∅
1128,906,sh,∅,ɯ,∅
1129,947,sh,∅,ɯ,∅
1130,987,sh,∅,ɯ,∅
1131,1041,sh,∅,ɯ,∅
1132,910,sh,∅,ɯ,∅
1133,949,sh,∅,ɯ,∅
1134,974,sh,∅,ɯ,∅
1135,1008,sh,∅,ɯ,∅
1136,909,sh,∅,ɯ,∅
1137,688,sh,∅,ou,∅
1138,689,sh,∅,ou,∅
1139,715,sh,∅,ou,∅
1140,737,sh,∅,ou,∅
1141,756,sh,∅,ou,∅
1142,769,sh,∅,ou,∅
1143,780,sh,∅,ou,∅
1144,815,sh,∅,ou,∅
1145,728,sh,∅,u,∅
1146,749,sh,∅,u,∅
1147,857,sh,∅,u,∅
1148,877,sh,∅,u,∅
1149,888,sh,∅,u,∅
1150,838,sh,∅,u,∅
1151,860,sh,∅,u,∅
1152,809,sh,∅,u,∅
1153,861,sh,∅,u,∅
1154,717,sh,∅,u,∅
1155,781,sh,∅,u,∅
1156,879,sh,∅,u,∅
1157,900,sh,∅,u,∅
1158,690,sh,∅,u,∅
1159,718,sh,∅,u,∅
1160,816,sh,∅,u,∅
1161,844,sh,∅,u,∅
1162,819,sh,∅,u,∅
1163,846,sh,∅,u,∅
1164,812,sh,w,a,∅
1165,813,sh,w,ai,∅
1166,863,sh,w,ai,∅
1167,672,sh,w,a,ŋ
1168,1011,sh,w,a,ŋ
1169,734,sh,w,i,∅
1170,687,sh,w,i,∅
1171,716,sh,w,i,∅
1172,843,sh,w,i,∅
1173,691,sh,w,e,n
1174,901,sh,w,e,n
1175,831,sh,w,o,∅
1176,708,sh,w,o,∅
1177,665,s,∅,ɯ,∅
1178,667,s,∅,ɯ,∅
1179,699,s,∅,ɯ,∅
1180,701,s,∅,ɯ,∅
1181,724,s,∅,ɯ,∅
1182,761,s,∅,ɯ,∅
1183,774,s,∅,ɯ,∅
1184,792,s,∅,ɯ,∅
1185,854,s,∅,ɯ,∅
1186,874,s,∅,ɯ,∅
1187,886,s,∅,ɯ,∅
1188,686,s,∅,o,ŋ
1189,714,s,∅,o,ŋ
1190,811,s,∅,o,ŋ
1191,840,s,∅,o,ŋ
1192,862,s,∅,o,ŋ
1193,768,s,∅,u,∅
1194,859,s,∅,u,∅
1195,899,s,∅,u,∅
1196,684,s,∅,u,∅
1197,713,s,∅,u,∅
1198,839,s,∅,u,∅
1199,740,s,∅,u,∅
1200,865,s,∅,u,∅
1201,746,s,w,a,n
1202,796,s,w,a,n
1203,778,s,w,i,∅
1204,757,s,w,i,∅
1205,864,s,w,i,∅
1206,890,s,w,i,∅
1207,685,s,w,e,n
1208,810,s,w,e,n
1209,1638,s,w,o,∅
1210,801,s,w,o,∅
1211,735,s,w,o,∅
1212,841,s,w,o,∅
1213,379,t,∅,a,∅
1214,414,t,∅,a,∅
1215,1510,t,∅,a,∅
1216,1574,t,∅,a,∅
1217,416,t,∅,ai,∅
1218,1513,t,∅,ai,∅
1219,1541,t,∅,ai,∅
1220,1622,t,∅,ai,∅
1221,304,t,∅,a,n
1222,413,t,∅,a,n
1223,436,t,∅,a,n
1224,452,t,∅,a,n
1225,1512,t,∅,a,n
1226,1573,t,∅,a,n
1227,1571,t,∅,a,n
1228,1601,t,∅,a,n
1229,306,t,∅,a,ŋ
1230,380,t,∅,a,ŋ
1231,415,t,∅,a,ŋ
1232,1575,t,∅,a,ŋ
1233,383,t,∅,ao,∅
1234,440,t,∅,ao,∅
1235,460,t,∅,ao,∅
1236,1623,t,∅,ao,∅
1237,1519,t,∅,e,∅
1238,1332,t,∅,i,∅
1239,1438,t,∅,i,∅
1240,1390,t,∅,i,∅
1241,1409,t,∅,i,∅
1242,1462,t,y,a,n
1243,1358,t,y,a,n
1244,1116,t,y,a,n
1245,417,t,y,ao,∅
1246,454,t,y,ao,∅
1247,1487,t,y,ao,∅
1248,1330,t,y,e,∅
1249,1397,t,∅,i,ŋ
1250,1437,t,∅,i,ŋ
1251,1297,t,∅,i,ŋ
1252,1361,t,∅,i,ŋ
1253,1408,t,∅,i,ŋ
1254,1464,t,∅,i,ŋ
1255,312,t,∅,o,ŋ
1256,359,t,∅,o,ŋ
1257,387,t,∅,o,ŋ
1258,421,t,∅,o,ŋ
1259,1516,t,∅,o,ŋ
1260,1542,t,∅,o,ŋ
1261,1579,t,∅,o,ŋ
1262,360,t,∅,ou,∅
1263,1518,t,∅,ou,∅
1264,1580,t,∅,ou,∅
1265,340,t,∅,u,∅
1266,373,t,∅,u,∅
1267,418,t,∅,u,∅
1268,386,t,∅,u,∅
1269,1515,t,∅,u,∅
1270,1578,t,∅,u,∅
1271,464,t,w,a,n
1272,1550,t,w,i,∅
1273,1517,t,w,i,∅
1274,385,t,w,e,n
1275,1459,t,w,o,∅
1276,1569,t,w,o,∅
1277,1600,t,w,o,∅
1278,1511,t,w,o,∅
1279,938,∅,w,a,∅
1280,942,∅,w,ai,∅
1281,1740,∅,w,a,n
1282,471,∅,w,a,n
1283,504,∅,w,a,n
1284,939,∅,w,a,n
1285,473,∅,w,a,ŋ
1286,525,∅,w,a,ŋ
1287,538,∅,w,a,ŋ
1288,595,∅,w,a,ŋ
1289,621,∅,w,a,ŋ
1290,941,∅,w,a,ŋ
1291,968,∅,w,a,ŋ
1292,515,∅,w,ei,∅
1293,532,∅,w,ei,∅
1294,548,∅,w,ei,∅
1295,604,∅,w,ei,∅
1296,1037,∅,w,ei,∅
1297,1089,∅,w,ei,∅
1298,1123,∅,w,ei,∅
1299,1148,∅,w,ei,∅
1300,1165,∅,w,ei,∅
1301,1179,∅,w,ei,∅
1302,1203,∅,w,ei,∅
1303,1204,∅,w,ei,∅
1304,1234,∅,w,ei,∅
1305,1235,∅,w,ei,∅
1306,1256,∅,w,ei,∅
1307,1257,∅,w,ei,∅
1308,1271,∅,w,ei,∅
1309,1279,∅,w,ei,∅
1310,1285,∅,w,ei,∅
1311,1189,∅,w,ei,∅
1312,1236,∅,w,ei,∅
1313,1258,∅,w,ei,∅
1314,513,∅,w,e,n
1315,531,∅,w,e,n
1316,543,∅,w,e,n
1317,937,∅,w,e,n
1318,1035,∅,w,e,ŋ
1319,951,∅,w,o,∅
1320,967,∅,w,o,∅
1321,481,∅,w,u,∅
1322,530,∅,w,u,∅
1323,542,∅,w,u,∅
1324,547,∅,w,u,∅
1325,550,∅,w,u,∅
1326,603,∅,w,u,∅
1327,484,∅,w,u,∅
1328,514,∅,w,u,∅
1329,935,∅,w,u,∅
1330,965,∅,w,u,∅
1331,985,∅,w,u,∅
1332,996,∅,w,u,∅
1333,1001,∅,w,u,∅
1334,1005,∅,w,u,∅
1335,1033,∅,w,u,∅
1336,1056,∅,w,u,∅
1337,1071,∅,w,u,∅
1338,966,∅,w,u,∅
1339,79,x,∅,i,∅
1340,103,x,∅,i,∅
1341,127,x,∅,i,∅
1342,1722,x,∅,i,∅
1343,1750,x,∅,i,∅
1344,1674,x,∅,i,∅
1345,1694,x,∅,i,∅
1346,1751,x,∅,i,∅
1347,1788,x,∅,i,∅
1348,1761,x,∅,i,∅
1349,711,x,∅,i,∅
1350,754,x,∅,i,∅
1351,675,x,∅,i,∅
1352,706,x,∅,i,∅
1353,729,x,∅,i,∅
1354,750,x,∅,i,∅
1355,764,x,∅,i,∅
1356,803,x,∅,i,∅
1357,902,x,∅,i,∅
1358,1038,x,∅,i,∅
1359,1009,x,∅,i,∅
1360,113,x,y,a,∅
1361,1643,x,y,a,∅
1362,1676,x,y,a,∅
1363,1720,x,y,a,n
1364,1773,x,y,a,n
1365,1645,x,y,a,n
1366,1704,x,y,a,n
1367,1726,x,y,a,n
1368,1757,x,y,a,n
1369,1775,x,y,a,n
1370,1652,x,y,a,n
1371,1682,x,y,a,n
1372,1759,x,y,a,n
1373,1776,x,y,a,n
1374,1785,x,y,a,n
1375,1792,x,y,a,n
1376,677,x,y,a,n
1377,707,x,y,a,n
1378,730,x,y,a,n
1379,751,x,y,a,n
1380,1721,x,y,a,ŋ
1381,1774,x,y,a,ŋ
1382,1650,x,y,a,ŋ
1383,1680,x,y,a,ŋ
1384,1699,x,y,a,ŋ
1385,1724,x,y,a,ŋ
1386,1756,x,y,a,ŋ
1387,704,x,y,a,ŋ
1388,775,x,y,a,ŋ
1389,799,x,y,a,ŋ
1390,855,x,y,a,ŋ
1391,875,x,y,a,ŋ
1392,897,x,y,a,ŋ
1393,1555,x,y,ao,∅
1394,196,x,y,ao,∅
1395,1667,x,y,ao,∅
1396,1691,x,y,ao,∅
1397,1745,x,y,ao,∅
1398,683,x,y,ao,∅
1399,755,x,y,ao,∅
1400,779,x,y,ao,∅
1401,154,x,y,e,∅
1402,1654,x,y,e,∅
1403,1730,x,y,e,∅
1404,1653,x,y,e,∅
1405,1749,x,y,e,∅
1406,744,x,y,e,∅
1407,793,x,y,e,∅
1408,794,x,y,e,∅
1409,885,x,y,e,∅
1410,911,x,∅,i,n
1411,908,x,∅,i,n
1412,998,x,∅,i,n
1413,1003,x,∅,i,n
1414,1649,x,∅,i,ŋ
1415,1679,x,∅,i,ŋ
1416,1673,x,∅,i,ŋ
1417,1683,x,∅,i,ŋ
1418,1700,x,∅,i,ŋ
1419,680,x,∅,i,ŋ
1420,709,x,∅,i,ŋ
1421,710,x,∅,i,ŋ
1422,1655,x,y,o,ŋ
1423,1671,x,y,o,ŋ
1424,1693,x,y,o,ŋ
1425,1085,x,y,o,ŋ
1426,1670,x,y,u,∅
1427,739,x,y,u,∅
1428,758,x,y,u,∅
1429,1594,x,∅,u,∅
1430,1651,x,∅,u,∅
1431,1681,x,∅,u,∅
1432,705,x,∅,u,∅
1433,802,x,∅,u,∅
1434,834,x,∅,u,∅
1435,898,x,∅,u,∅
1436,736,x,∅,u,∅
1437,738,x,∅,u,∅
1438,842,x,∅,u,∅
1439,692,x,∅,u,∅
1440,1725,x,v,a,n
1441,1728,x,v,a,n
1442,1790,x,v,a,n
1443,678,x,v,a,n
1444,804,x,v,a,n
1445,836,x,v,a,n
1446,1644,x,v,e,∅
1447,1729,x,v,e,∅
1448,795,x,v,e,∅
1449,679,x,v,e,∅
1450,1669,x,∅,u,n
1451,1012,x,∅,u,n
1452,817,x,∅,u,n
1453,818,x,∅,u,n
1454,845,x,∅,u,n
1455,880,x,∅,u,n
1456,1013,∅,y,a,∅
1457,1044,∅,y,a,∅
1458,1059,∅,y,a,∅
1459,1067,∅,y,a,∅
1460,1017,∅,y,a,∅
1461,1019,∅,y,a,∅
1462,953,∅,y,a,n
1463,976,∅,y,a,n
1464,989,∅,y,a,n
1465,1045,∅,y,a,n
1466,925,∅,y,a,n
1467,924,∅,y,a,n
1468,1025,∅,y,a,n
1469,1758,∅,y,a,n
1470,931,∅,y,a,n
1471,1053,∅,y,a,n
1472,962,∅,y,a,n
1473,983,∅,y,a,n
1474,994,∅,y,a,n
1475,1028,∅,y,a,n
1476,1052,∅,y,a,n
1477,1062,∅,y,a,n
1478,1069,∅,y,a,n
1479,1078,∅,y,a,n
1480,917,∅,y,a,ŋ
1481,1018,∅,y,a,ŋ
1482,1046,∅,y,a,ŋ
1483,921,∅,y,a,ŋ
1484,957,∅,y,a,ŋ
1485,979,∅,y,a,ŋ
1486,991,∅,y,a,ŋ
1487,999,∅,y,a,ŋ
1488,1048,∅,y,a,ŋ
1489,1060,∅,y,a,ŋ
1490,990,∅,y,ao,∅
1491,1079,∅,y,ao,∅
1492,1196,∅,y,ao,∅
1493,1230,∅,y,ao,∅
1494,1253,∅,y,ao,∅
1495,1268,∅,y,ao,∅
1496,1016,∅,y,e,∅
1497,926,∅,y,e,∅
1498,919,∅,y,e,∅
1499,955,∅,y,e,∅
1500,977,∅,y,e,∅
1501,1021,∅,y,e,∅
1502,932,∅,y,e,∅
1503,923,∅,y,i,∅
1504,959,∅,y,i,∅
1505,1024,∅,y,i,∅
1506,1096,∅,y,i,∅
1507,1094,∅,y,i,∅
1508,1783,∅,y,i,∅
1509,1101,∅,y,i,∅
1510,1132,∅,y,i,∅
1511,1153,∅,y,i,∅
1512,1170,∅,y,i,∅
1513,1211,∅,y,i,∅
1514,1102,∅,y,i,∅
1515,1212,∅,y,i,∅
1516,1105,∅,y,i,∅
1517,1155,∅,y,i,∅
1518,1214,∅,y,i,∅
1519,1098,∅,y,i,∅
1520,1099,∅,y,i,∅
1521,1130,∅,y,i,∅
1522,1152,∅,y,i,∅
1523,1169,∅,y,i,∅
1524,1181,∅,y,i,∅
1525,1190,∅,y,i,∅
1526,1210,∅,y,i,∅
1527,1239,∅,y,i,∅
1528,1260,∅,y,i,∅
1529,934,∅,y,i,∅
1530,928,∅,y,i,∅
1531,961,∅,y,i,∅
1532,1027,∅,y,i,∅
1533,1050,∅,y,i,∅
1534,1061,∅,y,i,∅
1535,1068,∅,y,i,∅
1536,1150,∅,y,i,∅
1537,1095,∅,y,i,n
1538,1128,∅,y,i,n
1539,1151,∅,y,i,n
1540,1168,∅,y,i,n
1541,1209,∅,y,i,n
1542,1127,∅,y,i,n
1543,1208,∅,y,i,n
1544,1104,∅,y,i,n
1545,1133,∅,y,i,n
1546,1134,∅,y,i,n
1547,1171,∅,y,i,n
1548,1240,∅,y,i,n
1549,1097,∅,y,i,ŋ
1550,166,∅,y,i,ŋ
1551,1760,∅,y,i,ŋ
1552,964,∅,y,i,ŋ
1553,984,∅,y,i,ŋ
1554,1064,∅,y,i,ŋ
1555,1070,∅,y,i,ŋ
1556,1075,∅,y,i,ŋ
1557,933,∅,y,o,ŋ
1558,1031,∅,y,o,ŋ
1559,1054,∅,y,o,ŋ
1560,1081,∅,y,o,ŋ
1561,1118,∅,y,o,ŋ
1562,1198,∅,y,o,ŋ
1563,1083,∅,y,ou,∅
1564,1120,∅,y,ou,∅
1565,1144,∅,y,ou,∅
1566,1145,∅,y,ou,∅
1567,1177,∅,y,ou,∅
1568,1232,∅,y,ou,∅
1569,1278,∅,y,ou,∅
1570,1090,∅,y,ou,∅
1571,1091,∅,y,ou,∅
1572,1124,∅,y,ou,∅
1573,1149,∅,y,ou,∅
1574,1166,∅,y,ou,∅
1575,1167,∅,y,ou,∅
1576,1180,∅,y,ou,∅
1577,1205,∅,y,ou,∅
1578,1206,∅,y,ou,∅
1579,1259,∅,y,ou,∅
1580,922,∅,y,u,∅
1581,958,∅,y,u,∅
1582,980,∅,y,u,∅
1583,992,∅,y,u,∅
1584,1023,∅,y,u,∅
1585,1066,∅,y,u,∅
1586,936,∅,y,u,∅
1587,1034,∅,y,u,∅
1588,1082,∅,y,u,∅
1589,1119,∅,y,u,∅
1590,1163,∅,y,u,∅
1591,1187,∅,y,u,∅
1592,1199,∅,y,u,∅
1593,1254,∅,y,u,∅
1594,1032,∅,y,u,∅
1595,1055,∅,y,u,∅
1596,927,∅,y,u,∅
1597,960,∅,y,u,∅
1598,1000,∅,y,u,∅
1599,1026,∅,y,u,∅
1600,1049,∅,y,u,∅
1601,1073,∅,y,u,∅
1602,1080,∅,y,u,∅
1603,1117,∅,y,u,∅
1604,1197,∅,y,u,∅
1605,1237,∅,y,u,∅
1606,1286,∅,y,u,∅
1607,1126,∅,y,u,∅
1608,1086,∅,y,ua,n
1609,1087,∅,y,ua,n
1610,1122,∅,y,ua,n
1611,1147,∅,y,ua,n
1612,1164,∅,y,ua,n
1613,1178,∅,y,ua,n
1614,1188,∅,y,ua,n
1615,1201,∅,y,ua,n
1616,1233,∅,y,ua,n
1617,1255,∅,y,ua,n
1618,1270,∅,y,ua,n
1619,1063,∅,y,ua,n
1620,1014,∅,y,ue,∅
1621,940,∅,y,ue,∅
1622,1088,∅,y,ue,∅
1623,1202,∅,y,ue,∅
1624,978,∅,y,ue,∅
1625,963,∅,y,ue,∅
1626,1084,∅,y,u,n
1627,1121,∅,y,u,n
1628,1146,∅,y,u,n
1629,1200,∅,y,u,n
1630,1221,z,∅,a,∅
1631,1112,z,∅,ai,∅
1632,1174,z,∅,ai,∅
1633,1185,z,∅,ai,∅
1634,1194,z,∅,ai,∅
1635,1225,z,∅,ai,∅
1636,1248,z,∅,ai,∅
1637,1265,z,∅,ai,∅
1638,1426,z,∅,a,n
1639,1455,z,∅,a,n
1640,1262,z,∅,a,n
1641,1246,z,∅,a,ŋ
1642,1289,z,∅,a,ŋ
1643,1339,z,∅,ao,∅
1644,1364,z,∅,ao,∅
1645,1443,z,∅,ao,∅
1646,1326,z,∅,e,∅
1647,1505,z,∅,e,∅
1648,1577,z,∅,e,∅
1649,1603,z,∅,e,∅
1650,1290,z,∅,ei,∅
1651,1348,z,∅,e,ŋ
1652,1418,z,∅,e,ŋ
1653,1448,z,∅,e,ŋ
1654,829,zh,∅,a,∅
1655,1458,zh,∅,ai,∅
1656,1266,zh,∅,ai,∅
1657,1514,zh,∅,ai,∅
1658,1406,zh,∅,a,n
1659,1186,zh,∅,a,n
1660,1195,zh,∅,a,n
1661,1138,zh,∅,a,ŋ
1662,1222,zh,∅,a,ŋ
1663,1224,zh,∅,a,ŋ
1664,1245,zh,∅,a,ŋ
1665,1263,zh,∅,a,ŋ
1666,1275,zh,∅,a,ŋ
1667,1321,zh,∅,ao,∅
1668,1549,zh,∅,ao,∅
1669,1300,zh,∅,ao,∅
1670,1401,zh,∅,ao,∅
1671,1478,zh,∅,ao,∅
1672,807,zh,∅,ao,∅
1673,837,zh,∅,ao,∅
1674,1434,zh,∅,e,∅
1675,1172,zh,∅,e,∅
1676,1439,zh,∅,e,∅
1677,1508,zh,∅,e,n
1678,1639,zh,∅,e,n
1679,1336,zh,∅,e,n
1680,1351,zh,∅,e,n
1681,1421,zh,∅,e,n
1682,1451,zh,∅,e,n
1683,1471,zh,∅,e,n
1684,1489,zh,∅,e,n
1685,1113,zh,∅,e,ŋ
1686,1388,zh,∅,e,ŋ
1687,1398,zh,∅,e,ŋ
1688,1485,zh,∅,e,ŋ
1689,1491,zh,∅,e,ŋ
1690,1368,zh,∅,e,ŋ
1691,1469,zh,∅,e,ŋ
1692,1480,zh,∅,e,ŋ
1693,1423,zh,∅,e,ŋ
1694,1504,zh,∅,ɯ,∅
1695,1539,zh,∅,ɯ,∅
1696,1565,zh,∅,ɯ,∅
1697,1597,zh,∅,ɯ,∅
1698,1632,zh,∅,ɯ,∅
1699,1338,zh,∅,ɯ,∅
1700,1465,zh,∅,ɯ,∅
1701,1314,zh,∅,ɯ,∅
1702,1349,zh,∅,ɯ,∅
1703,1350,zh,∅,ɯ,∅
1704,1369,zh,∅,ɯ,∅
1705,1370,zh,∅,ɯ,∅
1706,1382,zh,∅,ɯ,∅
1707,1383,zh,∅,ɯ,∅
1708,1394,zh,∅,ɯ,∅
1709,1395,zh,∅,ɯ,∅
1710,1403,zh,∅,ɯ,∅
1711,1449,zh,∅,ɯ,∅
1712,1470,zh,∅,ɯ,∅
1713,1352,zh,∅,ɯ,∅
1714,1316,zh,∅,ɯ,∅
1715,1420,zh,∅,ɯ,∅
1716,1450,zh,∅,ɯ,∅
1717,1318,zh,∅,ɯ,∅
1718,1422,zh,∅,ɯ,∅
1719,1472,zh,∅,ɯ,∅
1720,972,zh,∅,ɯ,∅
1721,1537,zh,∅,o,ŋ
1722,1343,zh,∅,o,ŋ
1723,1365,zh,∅,o,ŋ
1724,1380,zh,∅,o,ŋ
1725,1311,zh,∅,o,ŋ
1726,1347,zh,∅,o,ŋ
1727,1367,zh,∅,o,ŋ
1728,1417,zh,∅,o,ŋ
1729,1346,zh,∅,ou,∅
1730,1393,zh,∅,ou,∅
1731,1415,zh,∅,ou,∅
1732,1446,zh,∅,ou,∅
1733,1479,zh,∅,ou,∅
1734,1488,zh,∅,ou,∅
1735,1591,zh,∅,u,∅
1736,1536,zh,∅,u,∅
1737,1616,zh,∅,u,∅
1738,1631,zh,∅,u,∅
1739,1299,zh,∅,u,∅
1740,1114,zh,∅,u,∅
1741,1140,zh,∅,u,∅
1742,1301,zh,∅,u,∅
1743,1308,zh,∅,u,∅
1744,1345,zh,∅,u,∅
1745,1366,zh,∅,u,∅
1746,1381,zh,∅,u,∅
1747,1467,zh,∅,u,∅
1748,1494,zh,∅,u,∅
1749,1310,zh,∅,u,∅
1750,1229,zh,w,a,n
1751,1252,zh,w,a,n
1752,1184,zh,w,a,ŋ
1753,1264,zh,w,a,ŋ
1754,1274,zh,w,a,ŋ
1755,1282,zh,w,a,ŋ
1756,856,zh,w,a,ŋ
1757,1535,zh,w,i,∅
1758,1416,zh,w,e,n
1759,1454,zh,w,o,∅
1760,1218,zh,w,o,∅
1761,1412,zh,w,o,∅
1762,1570,zh,w,o,∅
1763,1620,zh,w,o,∅
1764,1634,zh,w,o,∅
1765,1108,z,∅,i,∅
1766,1136,z,∅,i,∅
1767,1156,z,∅,i,∅
1768,1216,z,∅,i,∅
1769,1261,z,∅,i,∅
1770,1273,z,∅,i,∅
1771,1281,z,∅,i,∅
1772,1287,z,∅,i,∅
1773,1592,z,∅,o,ŋ
1774,1305,z,∅,o,ŋ
1775,1413,z,∅,o,ŋ
1776,1402,z,∅,ou,∅
1777,1340,z,∅,u,∅
1778,1411,z,∅,u,∅
1779,1444,z,∅,u,∅
1780,1302,z,∅,u,∅
1781,1341,z,∅,u,∅
1782,1304,z,∅,u,∅
1783,1497,z,w,i,∅
1784,1595,z,w,i,∅
1785,1307,z,w,i,∅
1786,1342,z,w,e,n
1787,1468,z,w,e,n
1788,1109,z,w,o,∅
1789,1137,z,w,o,∅
1790,1306,z,w,o,∅
1791,1344,z,w,o,∅
1792,1414,z,w,o,∅
1793,1445,z,w,o,∅
